<?xml version="1.0" encoding="utf-8" ?>
<languages>

  <language name="Nederlands" id="nl">

    <groups>
      <basicelements>Basiselementen</basicelements>
    </groups>

    <enums>
      <episerver>
        <forms>
          <samples>
            <criteria>
              <submissionstatus>
                <hassubmitted>Is ingestuurd</hassubmitted>
                <hasnotsubmitted>Is niet ingestuurd</hasnotsubmitted>
              </submissionstatus>

              <fieldvaluecomparecondition>
                <equals>is gelijk aan</equals>
                <notequals>is niet gelijk aan</notequals>
                <contains>bevat</contains>
                <notcontains>bevat niet</notcontains>
              </fieldvaluecomparecondition>
            </criteria>
          </samples>
        </forms>
      </episerver>
    </enums>

    <episerver>
      <forms>
        <samples>
          <criteria>
            <formcriterion>
              <category>Episerver-formulieren</category>
              <displayname>Ingestuurd formulier</displayname>
              <description>Controles op het indienen van formulieren door de bezoeker.</description>
              <submissionstatus>Status van indienen</submissionstatus>
              <selectedform>Geselecteerd formulier</selectedform>
            </formcriterion>

            <submittedvaluecriterion>
              <category>Episerver-formulieren</category>
              <displayname>Ingezonden formulierwaarde</displayname>
              <description>Controles op de indienwaarde van formulier door de bezoeker.</description>
              <selectedform>Geselecteerd formulier</selectedform>
              <selectedfield>Geselecteerd veld</selectedfield>
              <condition>Voorwaarde</condition>
              <value>Waarde</value>
            </submittedvaluecriterion>
          </criteria>

          <datetimepickertype>
            <datepicker>Datumkiezer</datepicker>
            <timepicker>Tijdkiezer</timepicker>
            <datetimepicker>Datumtijdkiezer</datetimepicker>
          </datetimepickertype>

          <confirmationdialog>
            <title>Samenvatting</title>
            <buttons>
              <ok>OK</ok>
              <cancel>Annuleren</cancel>
            </buttons>
          </confirmationdialog>

          <editview>
            <requirejs>JavaScript is vereist om reCAPTCHA te tonen.</requirejs>
          </editview>
          <messages>
            <imagesubmitbutton>
              <initializationmessage>Dit is een knop voor het indienen van afbeeldingen. Kies er een afbeelding voor.</initializationmessage>
            </imagesubmitbutton>
          </messages>
        </samples>
        <viewmode>
          <addresselement>
            <addresslabel>Adres</addresslabel>
            <streetlabel>Straat</streetlabel>
            <citylabel>Plaats</citylabel>
            <statelabel>Provincie</statelabel>
            <postallabel>Postcode</postallabel>
            <countrylabel>Land</countrylabel>
          </addresselement>
        </viewmode>
        <validators>
          <episerver.forms.samples.implementation.validation.datetimevalidator>
            <displayname>Datumtijdvalidator</displayname>
            <message>Voer een geldige datumtijd in, in de indeling {0} uu:mm.</message>
          </episerver.forms.samples.implementation.validation.datetimevalidator>
          <episerver.forms.samples.implementation.validation.datevalidator>
            <displayname>Datumvalidator</displayname>
            <message>Voer een geldige datum in, in de indeling {0}.</message>
          </episerver.forms.samples.implementation.validation.datevalidator>
          <episerver.forms.samples.implementation.validation.timevalidator>
            <displayname>Tijdvalidator</displayname>
            <message>Voer een geldige tijd in, bijv. 10:20 uur.</message>
          </episerver.forms.samples.implementation.validation.timevalidator>
          <episerver.forms.samples.implementation.validation.recaptchavalidator>
            <displayname>reCaptcha-validator</displayname>
            <message>Ongeldige captcha-waarde.</message>
          </episerver.forms.samples.implementation.validation.recaptchavalidator>
          <episerver.forms.implementation.validation.datetimerangevalidator>
            <displayname>Datum-/tijdsperiode</displayname>
            <message>Voer een geldig datum-/tijdsperiode in.</message>
          </episerver.forms.implementation.validation.datetimerangevalidator>
          <episerver.forms.implementation.validation.addressvalidator>
            <displayname>Adres</displayname>
            <message>Voer een geldig adres in.</message>
          </episerver.forms.implementation.validation.addressvalidator>
        </validators>
      </forms>
    </episerver>
    <contenttypes>
      <datetimeelementblock>
        <name>Datum tijd</name>
        <description></description>
        <newitemdefaultname>Nieuwe datum tijd</newitemdefaultname>
        <properties>

          <description>
            <caption>Knopinfo</caption>
            <help>Wordt weergegeven als knopinfo of helptekst van een element.</help>
          </description>

          <pickertype>
            <caption>Type kiezer</caption>
            <help>Selecteer het type kiezer voor de eigenschap.</help>
          </pickertype>
        </properties>
      </datetimeelementblock>
      <recaptchaelementblock>
        <name>reCAPTCHA</name>
        <description></description>
        <newitemdefaultname>Nieuwe reCAPTCHA</newitemdefaultname>
        <properties>
          <sitekey>
            <caption>Locatiesleutel</caption>
            <help>Voer locatiesleutel in voor reCAPTCHA.</help>
          </sitekey>
          <secretkey>
            <caption>Geheime sleutel</caption>
            <help>De gedeelde sleutel tussen uw locatie en reCAPTCHA.</help>
          </secretkey>
        </properties>
      </recaptchaelementblock>
      <datetimerangeelementblock>
        <name>Datum-/tijdsperiode</name>
        <description></description>
        <newitemdefaultname>Nieuwe datum-/tijdsperiode</newitemdefaultname>
        <start>Start</start>
        <end>Einde</end>
        <properties>

          <description>
            <caption>Knopinfo</caption>
            <help>Wordt weergegeven als knopinfo of helptekst van een element.</help>
          </description>

          <pickertype>
            <caption>Type kiezer</caption>
            <help>Selecteer het type kiezer voor de eigenschap.</help>
          </pickertype>
        </properties>
      </datetimerangeelementblock>
      <addresseselementblock>
        <name>Adres</name>
        <description></description>
        <newitemdefaultname>Nieuw adres</newitemdefaultname>
        <properties>

          <description>
            <caption>Knopinfo</caption>
            <help>Wordt weergegeven als knopinfo of helptekst van een element.</help>
          </description>

          <mapwidth>
            <caption>Breedte kaart</caption>
            <help>De breedte van de kaart die aan het element is gekoppeld.</help>
          </mapwidth>
          <mapheight>
            <caption>Hoogte kaart</caption>
            <help>De hoogte van de kaart die aan het element is gekoppeld.</help>
          </mapheight>
          <addresslabel>
            <caption>Detail adres</caption>
            <help></help>
          </addresslabel>
          <streetlabel>
            <caption>Label straat</caption>
            <help></help>
          </streetlabel>
          <citylabel>
            <caption>Label stad</caption>
            <help></help>
          </citylabel>
          <statelabel>
            <caption>Label provincie</caption>
            <help></help>
          </statelabel>
          <postalLabel>
            <caption>Postlabel</caption>
            <help></help>
          </postalLabel>
          <countrylabel>
            <caption>Landelabel</caption>
            <help></help>
          </countrylabel>
        </properties>
      </addresseselementblock>
    </contenttypes>
  </language>
</languages>