<?xml version="1.0" encoding="utf-8" ?>
<languages>

  <language name="Deutsch" id="de">

    <groups>
      <basicelements>Grundlegende Elemente</basicelements>
    </groups>

    <enums>
      <episerver>
        <forms>
          <samples>
            <criteria>
              <submissionstatus>
                <hassubmitted>Hat übermittelt</hassubmitted>
                <hasnotsubmitted>Hat nicht übermittelt</hasnotsubmitted>
              </submissionstatus>

              <fieldvaluecomparecondition>
                <equals>gleich</equals>
                <notequals>ungleich</notequals>
                <contains>enthält</contains>
                <notcontains>enthält nicht</notcontains>
              </fieldvaluecomparecondition>
            </criteria>
          </samples>
        </forms>
      </episerver>
    </enums>

    <episerver>
      <forms>
        <samples>
          <criteria>
            <formcriterion>
              <category>Episerver Forms</category>
              <displayname>Übermitteltes Formular</displayname>
              <description>Prüft, ob der Besucher ein Formular übermittelt hat.</description>
              <submissionstatus>Übermittlungsstatus</submissionstatus>
              <selectedform>Ausgewähltes Formular</selectedform>
            </formcriterion>

            <submittedvaluecriterion>
              <category>Episerver Forms</category>
              <displayname>Übermittelter Formularwert</displayname>
              <description>Prüft, ob der Besucher einen bestimmten Wert übermittelt hat.</description>
              <selectedform>Ausgewähltes Formular</selectedform>
              <selectedfield>Ausgewähltes Feld</selectedfield>
              <condition>Bedingung</condition>
              <value>Wert</value>
            </submittedvaluecriterion>
          </criteria>

          <datetimepickertype>
            <datepicker>Datumsauswahl</datepicker>
            <timepicker>Zeitauswahl</timepicker>
            <datetimepicker>Auswahl von Datum und Uhrzeit</datetimepicker>
          </datetimepickertype>

          <confirmationdialog>
            <title>Zusammenfassung</title>
            <buttons>
              <ok>OK</ok>
              <cancel>Abbrechen</cancel>
            </buttons>
          </confirmationdialog>

          <editview>
            <requirejs>Zur Anzeige von reCAPTCHA wird JavaScript benötigt.</requirejs>
          </editview>
          <messages>
            <imagesubmitbutton>
              <initializationmessage>Dies ist eine Schaltfläche zum Senden von Bildern. Bitte wählen Sie ein Bild aus.</initializationmessage>
            </imagesubmitbutton>
          </messages>
        </samples>
        <viewmode>
          <addresselement>
            <addresslabel>Adresse</addresslabel>
            <streetlabel>Straße</streetlabel>
            <citylabel>Stadt</citylabel>
            <statelabel>Zustand</statelabel>
            <postallabel>Postleitzahl</postallabel>
            <countrylabel>Land</countrylabel>
          </addresselement>
        </viewmode>
        <validators>
          <episerver.forms.samples.implementation.validation.datetimevalidator>
            <displayname>Datum- und Uhrzeitprüfer</displayname>
            <message>Geben Sie einen gültigen Zeitpunkt im Format {0} hh:mm an.</message>
          </episerver.forms.samples.implementation.validation.datetimevalidator>
          <episerver.forms.samples.implementation.validation.datevalidator>
            <displayname>Datumsprüfer</displayname>
            <message>Geben Sie ein gültiges Datum im Format {0} an.</message>
          </episerver.forms.samples.implementation.validation.datevalidator>
          <episerver.forms.samples.implementation.validation.timevalidator>
            <displayname>Zeitprüfer</displayname>
            <message>Geben Sie eine gültige Uhrzeit an, z. B. 10:20 Uhr.</message>
          </episerver.forms.samples.implementation.validation.timevalidator>
          <episerver.forms.samples.implementation.validation.recaptchavalidator>
            <displayname>Recaptcha-Prüfer</displayname>
            <message>Ungültiger Captcha-Wert.</message>
          </episerver.forms.samples.implementation.validation.recaptchavalidator>
          <episerver.forms.implementation.validation.datetimerangevalidator>
            <displayname>Zeitraum</displayname>
            <message>Einen gültigen Zeitraum eingeben.</message>
          </episerver.forms.implementation.validation.datetimerangevalidator>
          <episerver.forms.implementation.validation.addressvalidator>
            <displayname>Adresse</displayname>
            <message>Eine gültige Adresse eingeben.</message>
          </episerver.forms.implementation.validation.addressvalidator>
        </validators>
      </forms>
    </episerver>
    <contenttypes>
      <datetimeelementblock>
        <name>Datum und Uhrzeit</name>
        <description></description>
        <newitemdefaultname>Neues Datum und Uhrzeit</newitemdefaultname>
        <properties>

          <description>
            <caption>Textfenster</caption>
            <help>Anzeige als Textfenster oder Hilfetext eines Elements</help>
          </description>

          <pickertype>
            <caption>Art der Auswahl</caption>
            <help>Den Auswahltyp für die Immobilie auswählen.</help>
          </pickertype>
        </properties>
      </datetimeelementblock>
      <recaptchaelementblock>
        <name>reCAPTCHA</name>
        <description></description>
        <newitemdefaultname>Neues reCAPTCHA</newitemdefaultname>
        <properties>
          <sitekey>
            <caption>Seitencode</caption>
            <help>Geben Sie den Seitencode für reCAPTCHA ein.</help>
          </sitekey>
          <secretkey>
            <caption>Geheimer Code</caption>
            <help>Der gemeinsame Code zwischen Ihrer Website und reCAPTCHA.</help>
          </secretkey>
        </properties>
      </recaptchaelementblock>
      <datetimerangeelementblock>
        <name>Zeitraum</name>
        <description></description>
        <newitemdefaultname>Neuer Zeitraum</newitemdefaultname>
        <start>Start</start>
        <end>Ende</end>
        <properties>

          <description>
            <caption>Tooltip</caption>
            <help>Anzeige als Textfenster oder Hilfetext eines Elements</help>
          </description>

          <pickertype>
            <caption>Art der Auswahl.</caption>
            <help>Den Auswahltyp für die Immobilie auswählen.</help>
          </pickertype>
        </properties>
      </datetimerangeelementblock>
      <addresseselementblock>
        <name>Adresse</name>
        <description></description>
        <newitemdefaultname>Neue Adresse</newitemdefaultname>
        <properties>

          <description>
            <caption>Textfenster</caption>
            <help>Anzeige als Textfenster oder Hilfetext eines Elements</help>
          </description>

          <mapwidth>
            <caption>Kartenbreite</caption>
            <help>Breite der dem Element zugeordneten Karte</help>
          </mapwidth>
          <mapheight>
            <caption>Kartenhöhe</caption>
            <help>Höhe der dem Element zugeordneten Karte</help>
          </mapheight>
          <addresslabel>
            <caption>Adressenzusatz</caption>
            <help></help>
          </addresslabel>
          <streetlabel>
            <caption>Straßen-Code</caption>
            <help></help>
          </streetlabel>
          <citylabel>
            <caption>Stadt-Code</caption>
            <help></help>
          </citylabel>
          <statelabel>
            <caption>Bundesland-Code</caption>
            <help></help>
          </statelabel>
          <postalLabel>
            <caption>Postleitzahl</caption>
            <help></help>
          </postalLabel>
          <countrylabel>
            <caption>Landes-Code</caption>
            <help></help>
          </countrylabel>
        </properties>
      </addresseselementblock>
    </contenttypes>
  </language>
</languages>