<?xml version="1.0" encoding="utf-8" ?>
<languages>

  <language name="svenska" id="sv">

    <groups>
      <basicelements>Grundläggande element</basicelements>
    </groups>

    <enums>
      <episerver>
        <forms>
          <samples>
            <criteria>
              <submissionstatus>
                <hassubmitted>Inskickat</hassubmitted>
                <hasnotsubmitted>Inte inskickat</hasnotsubmitted>
              </submissionstatus>

              <fieldvaluecomparecondition>
                <equals>är lika med</equals>
                <notequals>är inte lika med</notequals>
                <contains>innehåller</contains>
                <notcontains>innehåller inte</notcontains>
              </fieldvaluecomparecondition>
            </criteria>
          </samples>
        </forms>
      </episerver>
    </enums>

    <episerver>
      <forms>
        <samples>
          <criteria>
            <formcriterion>
              <category>Episerver Forms</category>
              <displayname>Inskickat formulär</displayname>
              <description>Letar efter inskickat formulär från besökaren.</description>
              <submissionstatus>Status på inskickat formulär</submissionstatus>
              <selectedform>Valt formulär</selectedform>
            </formcriterion>

            <submittedvaluecriterion>
              <category>Episerver Forms</category>
              <displayname>Inskickade formulärdata</displayname>
              <description>Letar efter inskickade formulärdata från besökaren.</description>
              <selectedform>Valt formulär</selectedform>
              <selectedfield>Valt fält</selectedfield>
              <condition>Villkor</condition>
              <value>Värde</value>
            </submittedvaluecriterion>
          </criteria>

          <datetimepickertype>
            <datepicker>Datumväljare</datepicker>
            <timepicker>Tidväljare</timepicker>
            <datetimepicker>Datum/tidväljare</datetimepicker>
          </datetimepickertype>

          <confirmationdialog>
            <title>Summering</title>
            <buttons>
              <ok>OK</ok>
              <cancel>Avbryt</cancel>
            </buttons>
          </confirmationdialog>

          <editview>
            <requirejs>JavaScript behövs för att kunna visa reCAPTCHA.</requirejs>
          </editview>
          <messages>
            <imagesubmitbutton>
              <initializationmessage>Det här är en bildknapp. Välj en bild för den.</initializationmessage>
            </imagesubmitbutton>
          </messages>
        </samples>
        <viewmode>
          <addresselement>
            <addresslabel>Adress</addresslabel>
            <streetlabel>Gata</streetlabel>
            <citylabel>Stad</citylabel>
            <statelabel>Region</statelabel>
            <postallabel>Postnummer</postallabel>
            <countrylabel>Land</countrylabel>
          </addresselement>
        </viewmode>
        <validators>
          <episerver.forms.samples.implementation.validation.datetimevalidator>
            <displayname>Datum/tidvalidator</displayname>
            <message>Ange ett giltigt värde för datum/tid i {0} tt:mm-format.</message>
          </episerver.forms.samples.implementation.validation.datetimevalidator>
          <episerver.forms.samples.implementation.validation.datevalidator>
            <displayname>Datumvalidator</displayname>
            <message>Ange ett giltigt datum i {0}-format.</message>
          </episerver.forms.samples.implementation.validation.datevalidator>
          <episerver.forms.samples.implementation.validation.timevalidator>
            <displayname>Tidvalidator</displayname>
            <message>Ange en giltig tid, till exempel 10:20.</message>
          </episerver.forms.samples.implementation.validation.timevalidator>
          <episerver.forms.samples.implementation.validation.recaptchavalidator>
            <displayname>Recaptchavalidator</displayname>
            <message>Ogiltigt captchavärde.</message>
          </episerver.forms.samples.implementation.validation.recaptchavalidator>
          <episerver.forms.implementation.validation.datetimerangevalidator>
            <displayname>Datum/tidsintervall</displayname>
            <message>Ange ett giltigt datum/tidsintervall.</message>
          </episerver.forms.implementation.validation.datetimerangevalidator>
          <episerver.forms.implementation.validation.addressvalidator>
            <displayname>Adress</displayname>
            <message>Ange en giltig adress.</message>
          </episerver.forms.implementation.validation.addressvalidator>
        </validators>
      </forms>
    </episerver>
    <contenttypes>
      <datetimeelementblock>
        <name>Datum/tid</name>
        <description></description>
        <newitemdefaultname>Nytt datum/tid</newitemdefaultname>
        <properties>

          <description>
            <caption>Inforuta</caption>
            <help>Visar en inforuta eller en hjälptext för ett element.</help>
          </description>

          <pickertype>
            <caption>Typ av väljare</caption>
            <help>Välj typ av väljare för egenskapen.</help>
          </pickertype>
        </properties>
      </datetimeelementblock>
      <recaptchaelementblock>
        <name>reCAPTCHA</name>
        <description></description>
        <newitemdefaultname>Ny reCAPTCHA</newitemdefaultname>
        <properties>
          <sitekey>
            <caption>Webbplatsnyckel</caption>
            <help>Ange webbplatsnyckeln för reCAPTCHA.</help>
          </sitekey>
          <secretkey>
            <caption>Hemlig nyckel</caption>
            <help>Den delade nyckeln mellan din webbplats och reCAPTCHA.</help>
          </secretkey>
        </properties>
      </recaptchaelementblock>
      <datetimerangeelementblock>
        <name>Datum/tidsintervall</name>
        <description></description>
        <newitemdefaultname>Nytt datum/tidsintervall</newitemdefaultname>
        <start>Start</start>
        <end>Slut</end>
        <properties>

          <description>
            <caption>Skärmtips</caption>
            <help>Visas som ett skärmtips eller hjälptext för en formulärdel.</help>
          </description>

          <pickertype>
            <caption>Typ av väljare</caption>
            <help>Välj en typ av väljare för egenskapen.</help>
          </pickertype>
        </properties>
      </datetimerangeelementblock>
      <addresseselementblock>
        <name>Adress</name>
        <description></description>
        <newitemdefaultname>Ny adress</newitemdefaultname>
        <properties>

          <description>
            <caption>Skärmtips</caption>
            <help>Visas som ett skärmtips eller hjälptext för en formulärdel.</help>
          </description>

          <mapwidth>
            <caption>Kartbredd</caption>
            <help>Bredden på kartan som är associerad med formulärdelen.</help>
          </mapwidth>
          <mapheight>
            <caption>Karthöjd</caption>
            <help>Höjden på kartan som är associerad med formulärdelen.</help>
          </mapheight>
          <addresslabel>
            <caption>Detaljadress</caption>
            <help></help>
          </addresslabel>
          <streetlabel>
            <caption>Gatuetikett</caption>
            <help></help>
          </streetlabel>
          <citylabel>
            <caption>Stadsetikett</caption>
            <help></help>
          </citylabel>
          <statelabel>
            <caption>Regionetikett</caption>
            <help></help>
          </statelabel>
          <postalLabel>
            <caption>Postkodsetikett</caption>
            <help></help>
          </postalLabel>
          <countrylabel>
            <caption>Landsetikett</caption>
            <help></help>
          </countrylabel>
        </properties>
      </addresseselementblock>
    </contenttypes>
  </language>
</languages>