<?xml version="1.0" encoding="utf-8" ?>
<languages>

  <language name="français" id="fr">

    <groups>
      <basicelements>Éléments principaux</basicelements>
    </groups>

    <enums>
      <episerver>
        <forms>
          <samples>
            <criteria>
              <submissionstatus>
                <hassubmitted>A soumis</hassubmitted>
                <hasnotsubmitted>N’a pas soumis</hasnotsubmitted>
              </submissionstatus>

              <fieldvaluecomparecondition>
                <equals>Est égal à</equals>
                <notequals>N'est pas égal à</notequals>
                <contains>Contient</contains>
                <notcontains>Ne contient pas</notcontains>
              </fieldvaluecomparecondition>
            </criteria>
          </samples>
        </forms>
      </episerver>
    </enums>

    <episerver>
      <forms>
        <samples>
          <criteria>
            <formcriterion>
              <category>Formulaires Episerver</category>
              <displayname>Formulaire soumis</displayname>
              <description>Vérification de la soumission du formulaire par le visiteur.</description>
              <submissionstatus>Statut de soumission</submissionstatus>
              <selectedform>Formulaire sélectionné</selectedform>
            </formcriterion>

            <submittedvaluecriterion>
              <category>Formulaires Episerver</category>
              <displayname>Valeur du formulaire soumis</displayname>
              <description>Vérification de la valeur de soumission du formulaire par le visiteur.</description>
              <selectedform>Formulaire sélectionné</selectedform>
              <selectedfield>Champ sélectionné</selectedfield>
              <condition>Condition</condition>
              <value>Valeur</value>
            </submittedvaluecriterion>
          </criteria>

          <datetimepickertype>
            <datepicker>Sélecteur de date</datepicker>
            <timepicker>Sélectionneur d’heure</timepicker>
            <datetimepicker>Sélecteur d’heure de date</datetimepicker>
          </datetimepickertype>

          <confirmationdialog>
            <title>Résumé</title>
            <buttons>
              <ok>OK</ok>
              <cancel>Annuler</cancel>
            </buttons>
          </confirmationdialog>

          <editview>
            <requirejs>JavaScript est nécessaire pour afficher reCAPTCHA.</requirejs>
          </editview>
          <messages>
            <imagesubmitbutton>
              <initializationmessage>Il s’agit d’un bouton de soumission d’image. Veuillez choisir une image pour elle.</initializationmessage>
            </imagesubmitbutton>
          </messages>
        </samples>
        <viewmode>
          <addresselement>
            <addresslabel>Adresse</addresslabel>
            <streetlabel>Rue</streetlabel>
            <citylabel>Ville</citylabel>
            <statelabel>État</statelabel>
            <postallabel>Code postal</postallabel>
            <countrylabel>Pays</countrylabel>
          </addresselement>
        </viewmode>
        <validators>
          <episerver.forms.samples.implementation.validation.datetimevalidator>
            <displayname>Validateur d’heure de date</displayname>
            <message>Saisir une plage de dates valable au format {0} hh:mm.</message>
          </episerver.forms.samples.implementation.validation.datetimevalidator>
          <episerver.forms.samples.implementation.validation.datevalidator>
            <displayname>Validateur de date</displayname>
            <message>Saisir une date valable au format {0}.</message>
          </episerver.forms.samples.implementation.validation.datevalidator>
          <episerver.forms.samples.implementation.validation.timevalidator>
            <displayname>Validateur d’heure</displayname>
            <message>Entrez une heure valable, par exemple 10h20 du matin</message>
          </episerver.forms.samples.implementation.validation.timevalidator>
          <episerver.forms.samples.implementation.validation.recaptchavalidator>
            <displayname>Validateur de Recaptcha</displayname>
            <message>Valeur de captcha non valable..</message>
          </episerver.forms.samples.implementation.validation.recaptchavalidator>
          <episerver.forms.implementation.validation.datetimerangevalidator>
            <displayname>Page de dates</displayname>
            <message>Entrez une plage de dates valide.</message>
          </episerver.forms.implementation.validation.datetimerangevalidator>
          <episerver.forms.implementation.validation.addressvalidator>
            <displayname>Adresse</displayname>
            <message>Saisissez une adresse correcte.</message>
          </episerver.forms.implementation.validation.addressvalidator>
        </validators>
      </forms>
    </episerver>
    <contenttypes>
      <datetimeelementblock>
        <name>Heure de date</name>
        <description></description>
        <newitemdefaultname>Nouvelle heure de date</newitemdefaultname>
        <properties>

          <description>
            <caption>Info-bulle</caption>
            <help>S'affiche comme une info-bulle ou texte d'aide d'un élément.</help>
          </description>

          <pickertype>
            <caption>Type de sélecteur</caption>
            <help>Sélectionnez le type de sélecteur pour la propriété.</help>
          </pickertype>
        </properties>
      </datetimeelementblock>
      <recaptchaelementblock>
        <name>reCAPTCHA</name>
        <description></description>
        <newitemdefaultname>Nouveau reCAPTCHA</newitemdefaultname>
        <properties>
          <sitekey>
            <caption>Clé du site</caption>
            <help>Saisissez la clé du site pour reCAPTCHA.</help>
          </sitekey>
          <secretkey>
            <caption>Clé secrète</caption>
            <help>La clé partagée entre votre site et reCAPTCHA.</help>
          </secretkey>
        </properties>
      </recaptchaelementblock>
      <datetimerangeelementblock>
        <name>Page de dates</name>
        <description></description>
        <newitemdefaultname>Nouvelle plage de dates</newitemdefaultname>
        <start>Démarrage</start>
        <end>Fin</end>
        <properties>

          <description>
            <caption>Info-bulle</caption>
            <help>S'affiche comme une info-bulle ou texte d'aide d'un élément.</help>
          </description>

          <pickertype>
            <caption>Type de sélecteur</caption>
            <help>Sélectionnez le type de sélecteur pour la propriété.</help>
          </pickertype>
        </properties>
      </datetimerangeelementblock>
      <addresseselementblock>
        <name>Adresse</name>
        <description></description>
        <newitemdefaultname>Nouvelle adresse</newitemdefaultname>
        <properties>

          <description>
            <caption>Info-bulle</caption>
            <help>S'affiche comme une info-bulle ou texte d'aide d'un élément.</help>
          </description>

          <mapwidth>
            <caption>Largeur carte</caption>
            <help>La largeur de la carte associée à l'élément.</help>
          </mapwidth>
          <mapheight>
            <caption>Hauteur carte</caption>
            <help>La hauteur de la carte associée à l'élément.</help>
          </mapheight>
          <addresslabel>
            <caption>Adresse de détail</caption>
            <help></help>
          </addresslabel>
          <streetlabel>
            <caption>Étiquette de rue</caption>
            <help></help>
          </streetlabel>
          <citylabel>
            <caption>Étiquette de ville</caption>
            <help></help>
          </citylabel>
          <statelabel>
            <caption>Étiquette d’état</caption>
            <help></help>
          </statelabel>
          <postalLabel>
            <caption>Étiquette de code postal</caption>
            <help></help>
          </postalLabel>
          <countrylabel>
            <caption>Étiquette de pays</caption>
            <help></help>
          </countrylabel>
        </properties>
      </addresseselementblock>
    </contenttypes>
  </language>
</languages>