<?xml version="1.0" encoding="utf-8" ?>
<languages>

  <language name="suomi" id="fi">

    <groups>
      <basicelements>Peruselementit</basicelements>
    </groups>

    <enums>
      <episerver>
        <forms>
          <samples>
            <criteria>
              <submissionstatus>
                <hassubmitted>On lähettänyt</hassubmitted>
                <hasnotsubmitted>Ei ole lähettänyt</hasnotsubmitted>
              </submissionstatus>

              <fieldvaluecomparecondition>
                <equals>on yhtä kuin</equals>
                <notequals>ei ole yhtä kuin</notequals>
                <contains>sisältää</contains>
                <notcontains>ei sisällä</notcontains>
              </fieldvaluecomparecondition>
            </criteria>
          </samples>
        </forms>
      </episerver>
    </enums>

    <episerver>
      <forms>
        <samples>
          <criteria>
            <formcriterion>
              <category>Episerver-lomakkeet</category>
              <displayname>Lähetetty lomake</displayname>
              <description>Tarkistaa vierailijan lomakkeen lähetyksen.</description>
              <submissionstatus>Lähetyksen tila</submissionstatus>
              <selectedform>Valittu lomake</selectedform>
            </formcriterion>

            <submittedvaluecriterion>
              <category>Episerver-lomakkeet</category>
              <displayname>Lähetetyn lomakkeen arvo</displayname>
              <description>Tarkistaa vierailijan lomakkeen lähetyksen arvon.</description>
              <selectedform>Valittu lomake</selectedform>
              <selectedfield>Valittu kenttä</selectedfield>
              <condition>Ehto</condition>
              <value>Arvo</value>
            </submittedvaluecriterion>
          </criteria>

          <datetimepickertype>
            <datepicker>Päivämäärän valitsin</datepicker>
            <timepicker>Ajan valitsin</timepicker>
            <datetimepicker>Päivämäärän ja ajan valitsin</datetimepicker>
          </datetimepickertype>

          <confirmationdialog>
            <title>Yhteenveto</title>
            <buttons>
              <ok>OK</ok>
              <cancel>Peruuta</cancel>
            </buttons>
          </confirmationdialog>

          <editview>
            <requirejs>JavaScript tarvitaan, jotta reCAPTCHA voidaan näyttää.</requirejs>
          </editview>
          <messages>
            <imagesubmitbutton>
              <initializationmessage>Tämän on kuvan lähetyksen painike. Valitse kuva sille.</initializationmessage>
            </imagesubmitbutton>
          </messages>
        </samples>
        <viewmode>
          <addresselement>
            <addresslabel>Osoite</addresslabel>
            <streetlabel>Katu</streetlabel>
            <citylabel>Paikkakunta</citylabel>
            <statelabel>Osavaltio</statelabel>
            <postallabel>Postinumero</postallabel>
            <countrylabel>Maa</countrylabel>
          </addresselement>
        </viewmode>
        <validators>
          <episerver.forms.samples.implementation.validation.datetimevalidator>
            <displayname>Päivämäärän ja ajan tarkistaja</displayname>
            <message>Anna kelvollinen päivämäärä ja aika muodossa {0} hh:mm.</message>
          </episerver.forms.samples.implementation.validation.datetimevalidator>
          <episerver.forms.samples.implementation.validation.datevalidator>
            <displayname>Päivämäärän tarkistaja</displayname>
            <message>Anna kelvollinen päivämäärä muodossa {0}.</message>
          </episerver.forms.samples.implementation.validation.datevalidator>
          <episerver.forms.samples.implementation.validation.timevalidator>
            <displayname>Ajan tarkistaja</displayname>
            <message>Anna kelvollinen aika, esim. 10:20.</message>
          </episerver.forms.samples.implementation.validation.timevalidator>
          <episerver.forms.samples.implementation.validation.recaptchavalidator>
            <displayname>Recaptcha-tarkistaja</displayname>
            <message>Virheellinen captcha-arvo.</message>
          </episerver.forms.samples.implementation.validation.recaptchavalidator>
          <episerver.forms.implementation.validation.datetimerangevalidator>
            <displayname>Päivämääräalue</displayname>
            <message>Anna kelvollinen päivämääräalue.</message>
          </episerver.forms.implementation.validation.datetimerangevalidator>
          <episerver.forms.implementation.validation.addressvalidator>
            <displayname>Osoite</displayname>
            <message>Anna kelvollinen osoite.</message>
          </episerver.forms.implementation.validation.addressvalidator>
        </validators>
      </forms>
    </episerver>
    <contenttypes>
      <datetimeelementblock>
        <name>Päivämäärä ja aika</name>
        <description></description>
        <newitemdefaultname>Uusi päivämäärä ja aika</newitemdefaultname>
        <properties>

          <description>
            <caption>Työkaluvihje</caption>
            <help>Näytetään elementin työkaluvihjeenä tai ohjetekstinä.</help>
          </description>

          <pickertype>
            <caption>Valitsimen tyyppi</caption>
            <help>Valitse ominaisuuden valitsintyyppi.</help>
          </pickertype>
        </properties>
      </datetimeelementblock>
      <recaptchaelementblock>
        <name>reCAPTCHA</name>
        <description></description>
        <newitemdefaultname>Uusi reCAPTCHA</newitemdefaultname>
        <properties>
          <sitekey>
            <caption>Sivuston avain</caption>
            <help>Anna sivuston avain reCAPTCHA-toimintoa varten.</help>
          </sitekey>
          <secretkey>
            <caption>Salainen avain</caption>
            <help>Jaettu avain sivustosi ja reCAPTCHA-toiminnon välillä.</help>
          </secretkey>
        </properties>
      </recaptchaelementblock>
      <datetimerangeelementblock>
        <name>Päivämääräalue</name>
        <description></description>
        <newitemdefaultname>Uusi päivämääräalue</newitemdefaultname>
        <start>Aloitus</start>
        <end>Lopetus</end>
        <properties>

          <description>
            <caption>Työkaluvihje</caption>
            <help>Näytetään elementin työkaluvihjeenä tai ohjetekstinä.</help>
          </description>

          <pickertype>
            <caption>Valitsimen tyyppi</caption>
            <help>Valitse ominaisuuden valitsintyyppi.</help>
          </pickertype>
        </properties>
      </datetimerangeelementblock>
      <addresseselementblock>
        <name>Osoite</name>
        <description></description>
        <newitemdefaultname>Uusi osoite</newitemdefaultname>
        <properties>

          <description>
            <caption>Työkaluvihje</caption>
            <help>Näytetään elementin työkaluvihjeenä tai ohjetekstinä.</help>
          </description>

          <mapwidth>
            <caption>Kartan leveys</caption>
            <help>Elementtiin liittyvän kartan leveys.</help>
          </mapwidth>
          <mapheight>
            <caption>Kartan korkeus</caption>
            <help>Elementtiin liittyvän kartan korkeus.</help>
          </mapheight>
          <addresslabel>
            <caption>Yksityiskohtainen osoite</caption>
            <help></help>
          </addresslabel>
          <streetlabel>
            <caption>Kadun nimiö</caption>
            <help></help>
          </streetlabel>
          <citylabel>
            <caption>Paikkakunnan nimiö</caption>
            <help></help>
          </citylabel>
          <statelabel>
            <caption>Osavaltion nimiö</caption>
            <help></help>
          </statelabel>
          <postalLabel>
            <caption>Postinumeron nimiö</caption>
            <help></help>
          </postalLabel>
          <countrylabel>
            <caption>Maan nimiö</caption>
            <help></help>
          </countrylabel>
        </properties>
      </addresseselementblock>
    </contenttypes>
  </language>
</languages>