<?xml version="1.0" encoding="utf-8" ?>
<languages>

  <language name="中文 (Chinese)" id="zh-CN">

    <groups>
      <basicelements>基本元素</basicelements>
    </groups>

    <enums>
      <episerver>
        <forms>
          <samples>
            <criteria>
              <submissionstatus>
                <hassubmitted>已经提交</hassubmitted>
                <hasnotsubmitted>尚未提交</hasnotsubmitted>
              </submissionstatus>

              <fieldvaluecomparecondition>
                <equals>等于</equals>
                <notequals>不等于</notequals>
                <contains>包含</contains>
                <notcontains>不包含</notcontains>
              </fieldvaluecomparecondition>
            </criteria>
          </samples>
        </forms>
      </episerver>
    </enums>

    <episerver>
      <forms>
        <samples>
          <criteria>
            <formcriterion>
              <category>EPiServer 表单</category>
              <displayname>已提交表单</displayname>
              <description>检查访问者提交的表单。</description>
              <submissionstatus>提交状态</submissionstatus>
              <selectedform>选中的表单</selectedform>
            </formcriterion>

            <submittedvaluecriterion>
              <category>EPiServer 表单</category>
              <displayname>提交的表单值</displayname>
              <description>检查访问者的表单提交值。</description>
              <selectedform>选中的表单</selectedform>
              <selectedfield>选中的字段</selectedfield>
              <condition>条件</condition>
              <value>值</value>
            </submittedvaluecriterion>
          </criteria>

          <datetimepickertype>
            <datepicker>日期选择器</datepicker>
            <timepicker>时间选择器</timepicker>
            <datetimepicker>日期时间选择器</datetimepicker>
          </datetimepickertype>

          <confirmationdialog>
            <title>摘要</title>
            <buttons>
              <ok>确定</ok>
              <cancel>取消</cancel>
            </buttons>
          </confirmationdialog>

          <editview>
            <requirejs>需要 JavaScript 才能显示 reCAPTCHA。</requirejs>
          </editview>
          <messages>
            <imagesubmitbutton>
              <initializationmessage>这是一个图像提交按钮。请为其选择一个图像。</initializationmessage>
            </imagesubmitbutton>
          </messages>
        </samples>
        <viewmode>
          <addresselement>
            <addresslabel>地址</addresslabel>
            <streetlabel>街道</streetlabel>
            <citylabel>城市</citylabel>
            <statelabel>状态</statelabel>
            <postallabel>邮编</postallabel>
            <countrylabel>国家</countrylabel>
          </addresselement>
        </viewmode>
        <validators>
          <episerver.forms.samples.implementation.validation.datetimevalidator>
            <displayname>日期时间验证器</displayname>
            <message>以 {0} hh:mm 格式输入有效的日期时间</message>
          </episerver.forms.samples.implementation.validation.datetimevalidator>
          <episerver.forms.samples.implementation.validation.datevalidator>
            <displayname>日期验证器</displayname>
            <message>以 {0} 格式输入有效日期</message>
          </episerver.forms.samples.implementation.validation.datevalidator>
          <episerver.forms.samples.implementation.validation.timevalidator>
            <displayname>时间验证器</displayname>
            <message>输入有效时间，例如上午 10:20。</message>
          </episerver.forms.samples.implementation.validation.timevalidator>
          <episerver.forms.samples.implementation.validation.recaptchavalidator>
            <displayname>验证码验证器</displayname>
            <message>无效的验证码值。</message>
          </episerver.forms.samples.implementation.validation.recaptchavalidator>
          <episerver.forms.implementation.validation.datetimerangevalidator>
            <displayname>日期时间范围</displayname>
            <message>请输入有效的日期时间范围。</message>
          </episerver.forms.implementation.validation.datetimerangevalidator>
          <episerver.forms.implementation.validation.addressvalidator>
            <displayname>地址</displayname>
            <message>请输入有效地址。</message>
          </episerver.forms.implementation.validation.addressvalidator>
        </validators>
      </forms>
    </episerver>
    <contenttypes>
      <datetimeelementblock>
        <name>日期时间</name>
        <description></description>
        <newitemdefaultname>新的日期时间</newitemdefaultname>
        <properties>

          <description>
            <caption>提示工具</caption>
            <help>显示为元素的提示工具或帮助文本。</help>
          </description>

          <pickertype>
            <caption>选择器类型</caption>
            <help>选择适用于该属性的选择器类型。</help>
          </pickertype>
        </properties>
      </datetimeelementblock>
      <recaptchaelementblock>
        <name>验证码</name>
        <description></description>
        <newitemdefaultname>新验证码</newitemdefaultname>
        <properties>
          <sitekey>
            <caption>站点密钥</caption>
            <help>输入验证码的站点密钥。</help>
          </sitekey>
          <secretkey>
            <caption>密钥</caption>
            <help>站点和验证码之间的共享密钥。</help>
          </secretkey>
        </properties>
      </recaptchaelementblock>
      <datetimerangeelementblock>
        <name>日期时间范围</name>
        <description></description>
        <newitemdefaultname>新的日期时间范围</newitemdefaultname>
        <start>开始</start>
        <end>结束</end>
        <properties>

          <description>
            <caption>提示工具</caption>
            <help>显示为元素的提示工具或帮助文本。</help>
          </description>

          <pickertype>
            <caption>选择器类型</caption>
            <help>选择适用于该属性的选择器类型。</help>
          </pickertype>
        </properties>
      </datetimerangeelementblock>
      <addresseselementblock>
        <name>地址</name>
        <description></description>
        <newitemdefaultname>新地址</newitemdefaultname>
        <properties>

          <description>
            <caption>提示工具</caption>
            <help>显示为元素的提示工具或帮助文本。</help>
          </description>

          <mapwidth>
            <caption>映射宽度</caption>
            <help>与元素关联的映射宽度。</help>
          </mapwidth>
          <mapheight>
            <caption>映射高度</caption>
            <help>与元素关联的映射高度。</help>
          </mapheight>
          <addresslabel>
            <caption>详细地址</caption>
            <help></help>
          </addresslabel>
          <streetlabel>
            <caption>街道标签</caption>
            <help></help>
          </streetlabel>
          <citylabel>
            <caption>城市标签</caption>
            <help></help>
          </citylabel>
          <statelabel>
            <caption>州标签</caption>
            <help></help>
          </statelabel>
          <postalLabel>
            <caption>邮政标签</caption>
            <help></help>
          </postalLabel>
          <countrylabel>
            <caption>国家标签</caption>
            <help></help>
          </countrylabel>
        </properties>
      </addresseselementblock>
    </contenttypes>
  </language>
</languages>